{"10": [{"sample_id": 0, "A_matrix": [[3.873817595844047, -0.28354790607306496, 1.6734835823844911, -1.0695873872231514, -0.16790836257824293, 2.4179462174113997, 0.11797385417811361, 0.876465389100048, -0.5746054530513859, 0.49886732262126043], [-0.28354790607306496, 8.409842971315694, -0.580089419895105, 0.22665606992643142, -0.23963847129941407, 0.7801709652990548, -6.857182885008601, 2.6174453948216314, -0.2091533304617607, 4.716001960467631], [1.6734835823844911, -0.580089419895105, 3.412473619839615, 1.9569497913386364, -0.35391128138098976, 3.4438094713760257, 0.55994100385597, 0.6699743866171934, 0.6533878327974124, -1.814741992188001], [-1.0695873872231514, 0.22665606992643142, 1.9569497913386364, 8.602452482697787, -0.7140313435192849, 0.42509253382027135, 2.160122692783331, 0.18380167898932157, 5.30601224851905, -2.94531641951462], [-0.16790836257824293, -0.23963847129941407, -0.35391128138098976, -0.7140313435192849, 5.834623395305975, -2.198195938619205, 3.683431732811312, -1.8407292070704657, 2.7075330208258936, -0.012573292667708793], [2.4179462174113997, 0.7801709652990548, 3.4438094713760257, 0.42509253382027135, -2.198195938619205, 8.015746615460367, -5.398778616077341, 3.4626363942456533, -3.2622126177035695, -0.7271311782367647], [0.11797385417811361, -6.857182885008601, 0.55994100385597, 2.160122692783331, 3.683431732811312, -5.398778616077341, 13.252311859050891, -4.458894619224596, 7.173779927673791, -5.321555542374052], [0.876465389100048, 2.6174453948216314, 0.6699743866171934, 0.18380167898932157, -1.8407292070704657, 3.4626363942456533, -4.458894619224596, 3.7141948933276834, -2.690532269029661, 0.7823260128414948], [-0.5746054530513859, -0.2091533304617607, 0.6533878327974124, 5.30601224851905, 2.7075330208258936, -3.2622126177035695, 7.173779927673791, -2.690532269029661, 9.875314042155127, -3.5875764900725855], [0.49886732262126043, 4.716001960467631, -1.814741992188001, -2.94531641951462, -0.012573292667708793, -0.7271311782367647, -5.321555542374052, 0.7823260128414948, -3.5875764900725855, 6.773385264621997]], "init_point_exps": [{"y_opt": 16.467461837652035, "by_epsilon": true, "time": 2.2079381942749023, "iterations": 50, "accuracy": 0.009815596814143568, "y_init": 0.29439077279279924, "batch_size": null}]}], "10": [{"sample_id": 0, "A_matrix": [[5.643451941907745, -2.7334727985694727, 0.8506964726746925, -1.2285248498570174, -2.7112698821851033, 1.908225786614978, 3.001320062137603, -1.6242563932374043, -2.868382550026535, -1.2410839221311825], [-2.7334727985694727, 12.07381581949713, -0.928416442503652, -3.709327714721337, -0.924272765372666, -3.5455626543137124, -2.7807906686766337, 2.725759840832584, 4.3116342290529, -0.45402064684791027], [0.8506964726746925, -0.928416442503652, 6.631474335995308, -3.022018123503784, 1.1382694652350427, -0.9602553484373366, -1.146774165981072, -0.7933380717437677, -2.2554350253192768, 5.719027066638561], [-1.2285248498570174, -3.709327714721337, -3.022018123503784, 8.363885045903737, 0.2196583149273024, -1.28551948806208, 1.9969669394398069, -0.21879376591600783, 2.3817796020565476, 2.2159091675063194], [-2.7112698821851033, -0.924272765372666, 1.1382694652350427, 0.2196583149273024, 5.125476052996025, -2.277911382350416, 0.48429073197085437, 2.131190406674887, -4.127366262420317, 2.3635519513902628], [1.908225786614978, -3.5455626543137124, -0.9602553484373366, -1.28551948806208, -2.277911382350416, 7.3436281611536245, -0.50259388133837, -2.2459737747009036, 2.397450845594478, -3.7115182597634897], [3.001320062137603, -2.7807906686766337, -1.146774165981072, 1.9969669394398069, 0.48429073197085437, -0.50259388133837, 7.0965744024149515, 1.2724554218969422, -4.114731537270825, 0.25576074274900795], [-1.6242563932374043, 2.725759840832584, -0.7933380717437677, -0.21879376591600783, 2.131190406674887, -2.2459737747009036, 1.2724554218969422, 3.4814444947099608, -1.4997604887615505, -1.9703351989490883], [-2.868382550026535, 4.3116342290529, -2.2554350253192768, 2.3817796020565476, -4.127366262420317, 2.397450845594478, -4.114731537270825, -1.4997604887615505, 12.37653512461229, -0.008163621070057508], [-1.2410839221311825, -0.45402064684791027, 5.719027066638561, 2.2159091675063194, 2.3635519513902628, -3.7115182597634897, 0.25576074274900795, -1.9703351989490883, -0.008163621070057508, 17.73841347472596]], "init_point_exps": [{"y_opt": 9.487690823305712, "by_epsilon": true, "time": 1.5540080070495605, "iterations": 35, "accuracy": 0.009913972203607013, "y_init": 0.8738002168790624, "batch_size": null}, {"y_opt": 9.496609422520391, "by_epsilon": true, "time": 1.3615350723266602, "iterations": 35, "accuracy": 0.009002034990987173, "y_init": 0.7376985632015393, "batch_size": null}]}]}